<?xml version="1.0" encoding="UTF-8"?>
<beans xmlns = "http://www.springframework.org/schema/beans"
   xmlns:xsi = "http://www.w3.org/2001/XMLSchema-instance"
   xsi:schemaLocation = "http://www.springframework.org/schema/beans
   http://www.springframework.org/schema/beans/spring-beans-3.0.xsd">

   
   
   <bean id="b1"  class="boo.demo.Books">
   <property name="id"  value="123"></property>
   <property name="publisher"  value="krishn"></property>
   <property name="price" value="123"></property>
   </bean>
   <bean id="c1" class="boo.demo.employee">
   <property name="id"  value="123"></property>
   <property name="salary"  value="52422"></property>
   <property name="address"  value="mysore"></property>
   <property name="name"  value="radha"></property>
   </bean>
   
   
   
</beans>